{"cameraMode":{"drawMode":0,"name":"Shaded","section":"Shading Mode"},"sceneLighting":true,"audioPlay":false,"sceneViewState":{"m_AlwaysRefresh":false,"showFog":true,"showSkybox":true,"showFlares":true,"showImageEffects":true,"showParticleSystems":true,"showVisualEffectGraphs":true,"m_FxEnabled":true},"in2DMode":false,"pivot":{"x":-0.6610288619995117,"y":0.2779959440231323,"z":0.302312970161438},"rotation":{"x":-0.09762305021286011,"y":0.7916053533554077,"z":-0.13136941194534303,"w":-0.5888675451278687},"size":1.5925772190093995,"orthographic":true}