{"cameraMode":{"drawMode":0,"name":"Shaded","section":"Shading Mode"},"sceneLighting":true,"audioPlay":false,"sceneViewState":{"m_AlwaysRefresh":false,"showFog":true,"showSkybox":true,"showFlares":true,"showImageEffects":true,"showParticleSystems":true,"showVisualEffectGraphs":true,"m_FxEnabled":true},"in2DMode":false,"pivot":{"x":12.739524841308594,"y":-4.886936187744141,"z":1.6854534149169922},"rotation":{"x":0.2513766884803772,"y":0.48440417647361758,"z":-0.1476232409477234,"w":0.8248633146286011},"size":15.379122734069825,"orthographic":false}