{"cameraMode":{"drawMode":0,"name":"Shaded","section":"Shading Mode"},"sceneLighting":true,"audioPlay":false,"sceneViewState":{"m_AlwaysRefresh":false,"showFog":true,"showSkybox":true,"showFlares":true,"showImageEffects":true,"showParticleSystems":true,"showVisualEffectGraphs":true,"m_FxEnabled":true},"in2DMode":false,"pivot":{"x":6.952163219451904,"y":0.7496007680892944,"z":0.7818800210952759},"rotation":{"x":0.10654649138450623,"y":0.7879632711410523,"z":-0.14241518080234528,"w":0.5894969701766968},"size":2.666025161743164,"orthographic":false}